<?xml version="1.0" encoding="UTF-8" standalone="yes"?>
<addon id="repository.xycl.eden_addons" name="Xycl Eden Add-on Repository" version="1.1.1" provider-name="xycl">
	<extension point="xbmc.addon.repository" name="Xycl Eden Add-on Repository">
		<info compressed="false">https://raw.github.com/Xycl/repository.xycl.eden_addons/master/addons.xml</info>
		<checksum>https://raw.github.com/Xycl/repository.xycl.eden_addons/master/addons.xml.md5</checksum>
		<datadir zip="true">https://raw.github.com/Xycl/repository.xycl.eden_addons/master/</datadir>
	</extension>
	<extension point="xbmc.addon.metadata">
		<summary>Install Eden add-ons from github.com/Xycl</summary>
		<description>My Pictures Database, WDR Rockpalast or Listenlive.eu for XBMC Eden</description>
		<platform>all</platform>
	</extension>
</addon>

